34;6225,211650
91;1339,121849
83;2717,225511
71;1806,128226
31;4580,141980
97;6144,595968
85;8947,760495
75;3081,231075
37;4131,152847
88;4450,391600
66;9680,638880
18;5554,99972
58;7426,430708
84;3027,254268
84;4126,346584
28;5523,154644
88;5383,473704
49;9955,487795
63;5087,320481
67;7507,502969
15;8668,130020
88;7667,674696
63;6677,420651
92;4431,407652
23;9901,227723
84;5789,486276
43;7655,329165
75;9177,688275
20;2938,58760
88;1335,117480
71;5096,361816
52;8392,436384
46;2849,131054
50;6799,339950
21;8058,169218
75;7169,537675
30;7471,224130
92;9598,883016
97;9939,964083
24;9046,217104
89;5467,486563
39;9630,375570
35;1634,57190
32;2178,69696
61;5623,343003
32;6958,222656
76;4111,312436
40;9276,371040
40;9584,383360
29;2624,76096
88;5513,485144
26;7032,182832
34;6344,215696
47;8363,393061
98;6379,625142
84;3409,286356
42;8641,362922
16;3996,63936
81;8296,671976
67;9756,653652
77;2028,156156
34;5497,186898
80;3245,259600
81;2700,218700
43;5351,230093
93;8064,749952
49;2535,124215
41;7904,324064
92;9125,839500
89;6074,540586
80;1516,121280
66;1868,123288
81;5396,437076
96;4633,444768
31;9865,305815
61;8679,529419
79;3255,257145
54;5302,286308
30;1331,39930
47;1589,74683
84;7533,632772
25;3347,83675
84;2860,240240
67;7095,475365
55;2961,162855
39;9078,354042
84;8179,687036
72;3435,247320
39;1756,68484
62;1686,104532
52;5163,268476
22;5143,113146
71;6843,485853
16;2306,36896
20;5759,115180
37;8044,297628
31;1897,58807
58;6947,402926
38;7333,278654
74;6995,517630
44;4748,208912
36;2469,88884
79;9554,754766
46;3502,161092
30;2784,83520
14;2103,29442
92;8228,756976
23;1645,37835
95;9938,944110
18;5025,90450
45;2619,117855
37;3804,140748
27;9771,263817
77;3227,248479
87;7711,670857
17;9341,158797
90;2947,265230
48;3095,148560
76;9537,724812
24;8083,193992
60;4461,267660
48;2522,121056
63;8549,538587
86;9846,846756
66;2592,171072
47;1245,58515
85;3899,331415
29;2355,68295
37;1783,65971
33;9222,304326
47;6660,313020
61;5940,362340
65;9389,610285
36;4739,170604
88;2919,256872
54;4249,229446
81;9631,780111
37;3766,139342
31;1963,60853
21;3366,70686
58;5598,324684
48;2180,104640
62;6632,411184
74;8286,613164
82;8395,688390
97;9016,874552
58;8661,502338
78;2388,186264
81;4415,357615
40;9330,373200
73;5289,386097
44;8918,392392
35;9744,341040
82;4438,363916
45;6630,298350
99;7807,772893
86;1579,135794
97;5460,529620
68;3843,261324
49;5875,287875
34;4175,141950
72;1798,129456
84;1782,149688
45;4361,196245
77;7368,567336
83;3900,323700
83;7300,605900
70;1472,103040
34;5017,170578
58;7902,458316
71;5197,368987
20;3218,64360
47;4564,214508
78;5388,420264
42;9594,402948
63;3614,227682
37;3297,121989
85;8705,739925
53;2651,140503
33;2044,67452
87;8775,763425
47;8191,384977
91;2465,224315
31;8064,249984
63;8403,529389
88;5752,506176
17;1968,33456
64;3619,231616
65;6614,429910
19;3320,63080
31;6507,201717
76;6075,461700
20;5126,102520
79;7631,602849
59;3038,179242
63;2548,160524
97;6790,658630
15;9687,145305
66;7228,477048
46;2700,124200
52;9639,501228
45;7749,348705
48;2935,140880
99;1416,140184
31;9937,308047
93;8042,747906
69;6420,442980
79;6019,475501
99;7707,762993
86;2912,250432
57;7162,408234
45;2104,94680
89;4599,409311
97;1740,168780
25;9791,244775
94;9210,865740
85;6452,548420
28;7246,202888
36;6826,245736
36;1764,63504
18;4896,88128
91;3750,341250
62;8146,505052
72;2033,146376
89;9471,842919
76;1478,112328
23;8092,186116
71;4616,327736
99;1812,179388
25;5765,144125
37;5614,207718
61;2022,123342
27;5059,136593
66;4503,297198
49;7984,391216
33;5256,173448
63;7328,461664
43;8938,384334
19;8618,163742
99;3478,344322
58;5878,340924
54;1578,85212
20;7058,141160
35;1641,57435
49;2258,110642
25;3821,95525
21;6357,133497
24;7218,173232
35;6654,232890
88;4998,439824
36;3934,141624
54;3650,197100
35;6431,225085
64;8778,561792
64;1640,104960
39;1776,69264
49;2827,138523
85;6110,519350
43;2508,107844
71;8535,605985
44;5565,244860
21;4801,100821
58;6764,392312
35;8016,280560
17;5150,87550
91;9126,830466
37;1611,59607
77;7179,552783
93;6601,613893
24;5072,121728
16;7091,113456
31;4670,144770
66;9775,645150
39;1810,70590
32;2393,76576
75;2945,220875
80;3973,317840
30;3544,106320
67;8330,558110
50;8055,402750
98;9457,926786
78;5578,435084
65;3370,219050
68;9640,655520
78;9248,721344
67;2693,180431
35;5380,188300
53;7735,409955
37;5801,214637
99;3460,342540
43;7714,331702
53;3633,192549
19;1390,26410
84;9806,823704
94;1458,137052
91;7770,707070
44;3813,167772
96;3172,304512
40;5394,215760
22;5022,110484
61;7479,456219
59;9180,541620
61;7023,428403
78;7206,562068
51;6837,348687
24;2447,58728
74;6350,469900
57;9045,515565
86;3194,274684
42;9076,381192
57;9898,564186
87;7022,610914
72;8283,596376
43;5893,253399
68;1776,120768
94;1734,162996
94;6826,641644
20;6986,139720
48;6060,290880
28;9970,279160
69;4279,295251
99;1336,132264
43;6301,270943
29;2946,85434
62;1365,84630
86;4760,409360
67;9695,649565
19;2615,49685
57;6519,371583
49;8861,434189
82;3804,311928
91;9624,875784
20;4200,84000
43;7119,306117
57;3848,219336
43;1708,73444
35;8868,310380
79;3965,313235
73;5828,425444
55;1868,102740
28;9927,277956
36;7160,257760
37;6402,236874
57;5560,316920
46;3244,149224
91;2403,218673
49;5322,260778
96;5146,494016
66;4736,312576
91;1388,126308
99;5717,565983
55;5450,299750
83;5281,438323
82;3998,327836
21;2841,59661
50;7239,361950
99;8711,862389
22;3282,72204
54;6074,327996
83;4284,355572
40;9428,377120
63;2652,167076
56;6312,353472
83;5012,415996
77;8604,662508
85;4738,402730
26;3393,88218
73;5587,407851
65;6480,421200
90;3696,332640
68;1249,84932
81;7511,608391
53;4396,232988
61;6477,395097
67;9746,652982
79;1308,103332
46;7802,358892
93;7146,664578
23;1500,34500
28;8636,241808
79;6772,534988
31;7057,218767
70;5757,402990
40;1925,77000
18;4656,83808
75;3360,252000
45;2005,90225
45;9053,407385
28;1386,38808
38;6251,237538
66;6866,453156
27;5700,153900
36;8809,317124
69;8465,584085
74;9884,731416
63;3303,208089
66;9949,656634
78;3308,258024
51;8631,440181
52;7898,410696
49;1682,82418
63;2529,159327
44;3778,166232
94;4796,450824
72;9767,703224
36;3972,142992
70;3654,255780
67;4948,331516
64;9858,630912
69;4454,307326
59;7038,415242
51;5144,262344
55;9780,537900
93;4601,427893
92;2015,185380
32;6376,204032
51;5156,262956
39;2292,89388
29;7014,203406
25;9251,231275
97;9189,891333
72;4567,328824
96;8823,847008
43;4080,175440
17;1784,30328
47;5676,266772
51;3877,197727
17;5419,92123
16;2965,47440
88;5003,440264
65;5084,330460
44;7925,348700
38;1976,75088
75;3641,273075
81;2510,203310
51;9950,507450
82;2124,174168
87;4841,421167
23;4529,104167
99;1777,175923
27;9490,256230
27;2841,76707
84;5537,465108
63;8137,512631
17;9220,156740
23;7597,174731
42;6077,255234
50;2379,118950
71;7083,502893
79;2487,196473
25;4201,105025
94;8430,792420
92;4302,395784
15;9581,143715
77;8583,660891
69;5416,373704
17;7838,133246
75;4585,343875
58;3955,229390
70;8575,600250
48;3262,156576
92;6983,642436
71;3817,271007
86;9931,854066
94;9865,927310
87;9875,859125
79;7090,560110
20;2742,54840
42;6741,283122
64;3383,216512
19;3217,61123
30;4636,139080
90;1329,119610
16;9009,144144
61;1377,83997
40;6210,248400
34;9183,312222
90;8758,788220
23;1865,42895
89;7847,698383
91;2021,183911
51;6085,310335
95;5105,484975
44;4715,207460
52;1958,101816
92;6877,632684
55;7774,427570
16;9877,158032
76;9241,702316
34;9158,311372
43;7136,306848
84;6776,569184
97;6283,609451
99;2710,268290
14;5399,75586
16;8615,137840
16;2379,38064
36;6527,234972
45;8911,400995
42;8637,362754
16;7957,127312
77;7863,605451
53;8334,441702
35;4465,156275
34;9721,330514
78;7522,586716
25;6406,160150
51;6048,308448
70;7529,527030
63;2788,175644
58;8884,515272
96;2476,237696
91;3214,292474
38;6562,249356
84;3019,253596
85;9797,832745
76;8588,652688
87;2756,239772
87;7281,633447
78;7533,587574
52;3539,184028
39;5500,214500
16;7161,114576
81;9284,752004
63;9102,573426
25;5844,146100
37;3490,129130
44;8965,394460
93;3924,364932
15;1554,23310
60;8767,526020
21;6512,136752
94;9240,868560
50;8218,410900
31;5963,184853
19;6795,129105
90;4678,421020
73;1395,101835
93;9282,863226
92;4461,410412
22;1216,26752
65;5950,386750
59;6201,365859
56;4024,225344
78;8947,697866
30;7394,221820
30;3216,96480
41;5758,236078
46;8610,396060
43;5618,241574
51;2115,107865
59;7184,423856
44;2216,97504
95;7370,700150
73;3391,247543
95;3000,285000
90;5248,472320
67;2354,157718
27;1409,38043
63;5097,321111
48;4634,222432
45;4934,222030
90;5437,489330
30;8616,258480
66;4623,305118
70;4683,327810
53;6190,328070
32;4447,142304
70;5666,396620
85;4569,388365
29;9184,266336
94;2170,203980
38;6642,252396
27;5600,151200
30;1826,54780
96;8824,847104
59;4085,241015
68;3889,264452
92;9840,905280
94;7197,676518
18;3118,56124
26;6067,157742
44;2642,116248
48;8730,419040
17;1689,28713
92;8767,806564
14;6594,92316
99;5064,501336
53;5569,295157
26;4035,104910
95;3597,341715
25;1746,43650
27;7552,203904
24;4412,105888
51;5087,259437
88;4944,435072
82;1878,153996
69;4475,308775
53;9118,483254
29;8979,260391
61;9501,579561
40;2705,108200
48;7152,343296
27;1637,44199
70;4702,329140
82;9273,760386
42;3110,130620
60;6518,391080
24;9052,217248
71;9612,682452
26;1252,32552
19;4247,80693
78;2384,185952
75;9540,715500
31;4908,152148
63;3633,228879
76;3034,230584
58;9150,530700
39;8809,343551
36;1569,56484
31;2361,73191
99;6039,597861
32;4512,144384
76;8511,646836
97;4642,450274
77;3836,295372
96;8719,837024
72;5458,392976
74;9815,726310
98;2736,268128
37;1345,49765
66;6130,404580
36;6206,223416
42;4515,189630
54;1975,106650
19;6116,116204
96;2532,243072
47;7950,373650
35;6417,224595
53;2839,150467
74;4367,323158
33;8699,287067
82;7989,655098
76;6024,457824
28;2774,77672
73;5185,378505
52;9647,501644
76;5157,391932
47;7539,354333
46;7510,345460
38;6641,252358
66;2774,183084
55;4076,224180
63;5398,340074
71;7627,541517
58;5958,345564
78;2118,165204
76;9004,684304
17;9049,153833
80;4194,335520
84;3445,289380
72;9629,693288
27;1575,42525
23;9129,209967
77;3476,267652
20;9150,183000
90;6759,608310
30;1682,50460
72;9375,675000
47;9362,440014
98;5990,587020
35;2126,74410
52;7786,404872
21;2015,42315
63;1766,111258
46;8586,394956
24;2148,51552
56;2779,155624
14;3858,54012
46;6003,276138
93;6995,650535
89;7432,661448
34;3333,113322
37;8476,313612
45;7220,324900
14;1855,25970
23;9958,229034
62;6434,398908
17;9707,165019
30;2796,83880
63;5541,349083
47;9347,439309
62;9329,578398
97;9248,897056
73;1325,96725
46;5516,253736
41;4819,197579
38;3238,123044
59;3946,232814
88;2977,261976
31;6487,201097
44;7333,322652
70;3793,265510
86;9806,843316
79;1448,114392
20;6175,123500
84;3526,296184
60;3257,195420
72;9452,680544
68;6777,460836
35;5115,179025
17;3088,52496
82;5892,483144
63;4067,256221
79;7678,606562
59;1860,109740
66;4145,273570
48;4406,211488
49;7782,381318
81;7652,619812
49;6143,301007
23;6099,140277
37;7560,279720
68;9878,671704
45;3533,158985
43;9826,422518
19;6582,125058
85;6379,542215
57;5878,335046
81;5545,449145
95;6711,637545
15;1932,28980
21;3829,80409
63;7957,501291
84;8143,684012
50;9148,457400
26;3445,89570
51;6723,342873
62;9556,592472
90;1949,175410
27;2454,66258
63;3279,206577
88;2883,253704
17;8605,146285
99;4499,445401
63;4506,283878
28;1684,47152
76;2742,208392
46;1775,81650
52;7856,408512
43;2603,111929
54;5508,297432
51;6357,324207
40;8921,356840
71;9146,649366
92;4204,386768
23;7669,176387
75;5738,430350
58;5203,301774
98;2461,241178
39;9154,357006
31;6626,205406
80;9100,728000
17;3442,58514
50;8958,447900
83;1774,147242
17;2673,45441
34;5062,172108
44;2872,126368
23;1727,39721
58;3421,198418
34;6414,218076
71;5228,371188
56;2829,158424
97;4349,421853
32;8701,278432
25;6609,165225
41;9365,383965
66;5788,382008
14;9951,139314
36;5012,180432
69;9652,665988
66;9251,610566
64;9622,615808
31;4346,134726
80;7875,630000
82;3133,256906
33;5300,174900
79;1244,98276
94;8317,781798
65;6398,415870
31;8737,270847
89;6272,558208
61;8913,543693
66;8952,590832
56;2191,122696
62;5195,322090
40;9821,392840
86;5728,492608
75;8006,600450
35;1947,68145
90;1504,135360
92;6003,552276
81;6185,500985
94;7527,707538
61;6049,368989
29;4952,143608
38;5592,212496
17;8486,144262
90;6179,556110
77;7344,565488
72;4304,309888
90;7735,696150
22;8973,197406
90;8597,773730
91;7592,690872
16;8731,139696
18;6622,119196
63;7138,449694
30;5496,164880
50;2687,134350
24;3463,83112
48;1570,75360
68;6846,465528
29;7702,223358
81;5798,469638
49;1612,78988
68;8377,569636
79;4532,358028
55;9010,495550
99;5418,536382
83;2167,179861
54;3093,167022
34;3965,134810
62;2257,139934
45;6571,295695
53;7864,416792
27;4108,110916
30;9247,277410
42;9263,389046
27;9228,249156
16;6351,101616
22;7759,170698
94;5622,528468
35;3468,121380
51;3418,174318
88;9482,834416
60;3835,230100
17;6692,113764
47;1254,58938
72;4088,294336
25;2206,55150
50;4846,242300
36;9019,324684
77;4230,325710
20;7054,141080
26;3379,87854
41;6041,247681
37;6166,228142
29;6019,174551
14;9354,130956
29;1873,54317
64;7806,499584
69;2363,163047
36;7829,281844
97;1393,135121
70;3424,239680
83;8284,687572
45;7524,338580
34;3042,103428
53;9212,488236
16;6404,102464
84;9316,782544
79;1446,114234
27;9250,249750
28;4493,125804
23;4748,109204
90;5195,467550
73;4353,317769
99;2434,240966
26;4152,107952
55;9312,512160
93;7790,724470
27;4849,130923
50;5770,288500
85;7472,635120
89;7320,651480
61;7262,442982
85;4261,362185
58;5510,319580
16;6344,101504
96;7773,746208
45;2070,93150
96;1793,172128
60;8847,530820
31;9667,299677
90;4856,437040
74;3215,237910
83;2037,169071
24;7136,171264
88;5804,510752
70;3398,237860
59;9897,583923
36;1408,50688
20;8891,177820
28;5800,162400
59;6000,354000
25;4858,121450
72;6939,499608
35;3036,106260
58;4682,271556
67;2517,168639
34;1331,45254
88;9137,804056
43;7474,321382
41;6578,269698
55;5771,317405
24;3655,87720
73;1898,138554
86;9379,806594
98;1994,195412
94;7320,688080
70;4830,338100
98;9889,969122
73;9475,691675
43;1381,59383
80;8433,674640
56;8128,455168
84;5781,485604
42;2314,97188
77;9314,717178
81;7198,583038
59;3489,205851
48;7139,342672
67;3444,230748
42;8325,349650
80;8587,686960
22;5863,128986
16;2904,46464
22;9965,219230
42;6526,274092
41;2942,120622
54;1331,71874
19;4083,77577
28;7395,207060
34;4803,163302
81;4469,361989
79;6677,527483
85;4556,387260
26;9215,239590
15;8436,126540
49;4685,229565
18;6436,115848
91;6092,554372
76;2277,173052
59;3879,228861
15;5410,81150
41;2512,102992
99;8785,869715
54;9392,507168
46;8250,379500
15;4380,65700
22;6354,139788
54;5635,304290
21;9797,205737
31;4476,138756
45;9539,429255
99;9768,967032
54;5083,274482
19;9086,172634
27;2013,54351
17;1613,27421
67;4736,317312
63;8838,556794
28;5044,141232
71;5136,364656
20;9943,198860
16;1446,23136
48;6177,296496
76;2972,225872
87;1871,162777
88;8198,721424
79;9229,729091
55;9417,517935
55;4224,232320
97;3834,371898
85;2418,205530
57;4864,277248
58;7165,415570
78;5471,426738
77;3888,299376
46;7725,355350
64;4611,295104
43;9187,395041
49;4876,238924
52;4855,252460
94;2040,191760
79;4821,380859
80;6919,553520
36;9364,337104
16;5567,89072
64;7447,476608
83;6443,534769
88;2586,227568
41;1332,54612
38;3973,150974
45;6845,308025
34;5794,196996
36;7615,274140
96;9543,916128
74;9341,691234
48;2440,117120
30;3340,100200
50;4719,235950
21;8030,168630
59;3792,223728
47;9295,436865
68;7545,513060
54;7072,381888
43;8376,360168
31;9819,304389
15;8584,128760
97;4498,436306
43;3060,131580
62;7775,482050
73;4537,331201
16;6252,100032
14;9528,133392
73;8930,651890
21;4938,103698
70;5817,407190
39;4230,164970
38;4816,183008
21;9967,209307
14;4061,56854
87;5863,510081
85;9747,828495
39;8799,343161
29;7580,219820
70;8923,624610
73;3313,241849
70;4145,290150
59;9012,531708
97;8908,864076
56;4880,273280
74;5612,415288
55;3197,175835
84;4360,366240
68;9755,663340
46;1327,61042
57;3998,227886
26;7206,187356
29;3570,103530
86;5074,436364
77;7623,586971
33;5033,166089
18;6491,116838
61;9689,591029
48;6379,306192
14;5536,77504
72;9793,705096
20;3531,70620
56;5173,289688
47;5785,271895
56;8188,458528
66;3517,232122
62;5198,322276
79;4007,316553
66;6643,438438
31;8957,277667
98;7689,753522
70;1537,107590
97;2672,259184
73;8152,595096
84;1602,134568
24;5682,136368
88;7910,696080
77;4462,343574
26;4311,112086
80;3912,312960
58;8290,480820
31;2717,84227
35;4396,153860
87;2370,206190
83;1884,156372
55;2028,111540
73;1518,110814
60;1233,73980
49;6158,301742
67;6943,465181
36;2553,91908
46;4859,223514
74;4965,367410
23;2178,50094
15;9760,146400
55;9240,508200
60;9386,563160
73;4515,329595
23;7226,166198
60;7909,474540
98;5591,547918
98;9359,917182
24;2707,64968
66;5204,343464
71;7074,502254
86;7296,627456
78;8643,674154
57;7371,420147
88;7527,662376
57;7325,417525
45;7368,331560
63;4522,284886
30;3204,96120
54;3917,211518
36;8183,294588
67;7825,524275
14;9797,137158
88;1531,134728
91;9917,902447
75;7221,541575
29;6685,193865
19;9509,180671
87;3504,304848
70;6185,432950
28;4460,124880
92;9168,843456
53;9699,514047
64;6385,408640
35;5885,205975
46;7357,338422
70;3353,234710
60;9155,549300
73;4605,336165
97;2942,285374
37;4935,182595
94;2417,227198
20;1971,39420
39;1254,48906
18;3540,63720
28;6477,181356
93;8429,783897
80;8464,677120
25;3511,87775
78;1229,95862
95;4668,443460
97;7239,702183
81;9786,792666
27;1492,40284
47;8556,402132
21;7494,157374
48;2254,108192
16;2776,44416
59;6130,361670
49;7892,386708
65;9267,602355
32;5443,174176
41;4385,179785
70;8595,601650
40;2918,116720
69;8960,618240
14;4197,58758
23;1596,36708
50;3816,190800
97;5472,530784
47;3987,187389
30;6006,180180
68;3403,231404
18;8081,145458
59;3264,192576
77;6592,507584
93;5066,471138
73;5020,366460
69;7803,538407
50;7685,384250
61;9243,563823
54;7346,396684
79;2501,197579
24;2867,68808
33;6467,213411
53;2504,132712
76;7205,547580
59;9703,572477
93;2979,277047
70;2186,153020
79;6912,546048
40;5437,217480
84;5726,480984
28;9248,258944
93;3275,304575
15;9137,137055
19;1222,23218
87;7906,687822
33;8019,264627
65;2563,166595
86;8630,742180
39;2799,109161
81;7989,647109
70;8670,606900
88;7561,665368
82;9457,775474
39;2748,107172
72;8929,642888
25;4498,112450
82;1227,100614
83;7453,618599
76;5133,390108
26;6788,176488
99;4326,428274
85;7506,638010
94;5549,521606
80;7472,597760
14;9223,129122
60;6181,370860
68;4774,324632
76;5848,444448
80;6550,524000
69;3792,261648
80;6733,538640
55;8231,452705
73;1693,123589
47;1781,83707
73;7860,573780
16;4211,67376
72;3704,266688
71;9846,699066
95;7746,735870
61;2840,173240
82;9868,809176
41;4222,173102
97;5368,520696
81;4017,325377
23;7432,170936
83;5986,496838
92;4184,384928
98;8513,834274
52;2372,123344
59;8569,505571
81;3586,290466
97;6397,620509
43;8223,353589
70;8943,626010
97;7736,750392
29;9190,266510
20;4785,95700
45;1586,71370
29;6964,201956
21;5852,122892
18;1546,27828
36;4048,145728
31;3886,120466
75;7408,555600
96;6894,661824
37;2350,86950
69;3741,258129
56;7564,423584
60;7226,433560
36;7374,265464
57;4909,279813
70;8375,586250
95;6852,650940
62;4727,293074
42;7945,333690
62;5768,357616
74;2588,191512
82;8819,723158
33;5419,178827
98;4624,453152
87;2764,240468
38;9770,371260
41;2971,121811
41;2544,104304
28;7084,198352
43;8921,383603
29;7418,215122
15;4505,67575
62;6145,380990
64;2765,176960
72;2185,157320
38;1804,68552
60;4885,293100
83;5917,491111
70;3791,265370
82;3280,268960
75;3214,241050
58;4993,289594
35;4709,164815
27;3158,85266
94;9651,907194
61;5984,365024
36;1390,50040
30;8683,260490
87;9121,793527
30;7792,233760
42;4443,186606
19;6434,122246
36;2593,93348
44;1697,74668
88;5057,445016
26;3551,92326
80;1660,132800
94;6954,#VALUE!
78;7614,593892
98;1680,164640
63;6023,379449
69;9704,669576
55;5819,320045
33;1552,51216
68;5806,394808
86;6984,600624
60;4704,282240
30;6137,184110
68;5786,393448
53;3155,167215
90;3402,306180
46;3111,143106
31;8973,278163
28;9104,254912
97;5153,499841
68;6668,453424
76;9396,714096
81;4264,345384
18;1710,30780
34;7101,241434
46;3484,160264
97;7513,728761
30;3390,101700
93;1546,143778
99;9146,905454
54;3830,206820
87;1944,169128
46;4434,203964
69;6141,423729
40;5929,237160
44;3541,155804
57;9309,530613
51;5511,281061
71;9947,706237
27;6819,184113
76;6135,466260
65;7919,514735
87;4050,352350
78;6080,474240
22;8867,195074
34;9595,326230
42;1614,67788
65;2520,163800
99;2784,275616
28;6184,173152
78;8496,662688
17;4987,84779
73;7229,527717
71;1727,122617
96;1405,134880
42;4728,198576
86;3430,294980
53;2778,147234
44;3968,174592
21;6135,128835
99;1588,157212
58;4093,237394
89;5145,457905
64;3509,224576
48;6240,299520
95;6765,642675
80;1436,114880
24;5318,127632
58;7255,420790
21;6679,140259
76;6193,470668
95;6831,648945
55;5126,281930
90;9276,834840
24;3696,88704
24;1839,44136
63;4736,298368
44;4436,195184
47;6535,307145
14;8969,125566
66;5532,365112
53;1445,76585
98;7826,766948
92;8918,820456
19;5850,111150
71;8780,623380
89;2741,243949
18;1519,27342
53;6246,331038
82;6610,542020
35;4362,152670
36;5287,190332
50;7282,364100
74;3926,290524
36;6219,223884
42;5399,226758
69;8200,565800
61;7660,467260
15;8954,134310
97;2521,244537
50;5693,284650
14;3036,42504
71;1344,95424
14;2298,32172
61;1769,107909
63;9041,569583
14;5449,76286
39;4557,177723
84;5791,486444
60;9033,541980
61;3606,219966
35;3795,132825
50;5681,284050
54;6214,335556
70;4960,347200
47;4193,197071
46;2856,131376
59;3461,204199
76;8557,650332
38;4997,189886
41;9008,369328
90;3389,305010
53;5417,287101
52;4623,240396
99;9442,934758
21;9455,198555
95;9744,925680
92;1829,168268
31;7172,222332
17;9622,163574
42;4102,172284
83;9415,781445
68;9961,677348
58;5325,308850
51;2540,129540
74;6661,492914
26;6815,177190
90;4361,392490
96;4244,407424
15;2894,43410
69;5559,383571
96;4774,458304
32;4310,137920
54;7270,392580
22;8687,191114
23;9367,215441
68;2941,199988
33;1775,58575
24;4111,98664
73;7838,572174
38;5506,209228
21;2823,59283
99;3748,371052
92;1580,145360
22;9781,215182
92;8514,783288
15;6377,95655
42;2245,94290
18;4288,77184
77;9952,766304
33;8093,267069
72;4184,301248
72;6747,485784
77;5307,408639
66;3097,204402
68;8334,566712
55;1884,103620
88;9500,836000
82;8880,728160
47;7981,375107
90;4797,431730
24;5129,123096
22;4433,97526
38;6924,263112
16;1777,28432
99;3170,313830
95;1326,125970
16;3929,62864
81;7455,603855
51;3769,192219
52;6438,334776
44;9517,418748
27;8548,230796
67;7471,500557
46;1701,78246
77;4349,334873
94;8787,825978
33;5624,185592
60;4192,251520
54;2425,130950
77;8113,624701
99;4806,475794
95;9819,932805
52;1615,83980
29;1433,41557
79;5341,421939
26;9701,252226
16;5434,86944
26;9764,253864
77;7194,553938
97;7959,772023
86;8488,729968
